{
  "full": {
    "config_name": "full",
    "desc": "完整模型（Router + Base/Conflict/Context Expert + L_div）",
    "macro_f1": 0.8968189564155181,
    "accuracy": 0.8968779564806055,
    "per_class_f1": {
      "positive": 0.8869565217391304,
      "neutral": 0.9015395631936985,
      "negative": 0.9019607843137255
    },
    "confusion_matrix": [
      [
        918,
        93,
        22
      ],
      [
        89,
        1259,
        58
      ],
      [
        30,
        35,
        667
      ]
    ],
    "macro_f1_sentence_semantic": 0.8861666835178909,
    "n_sentence_semantic": 726,
    "macro_f1_target_semantic": 0.8982421478661475,
    "n_target_semantic": 2445,
    "macro_f1_hard_multi_entity": 0.901819523608284,
    "n_hard_multi_entity": 1208,
    "macro_f1_hard_conflict": 0.0,
    "n_hard_conflict": 2,
    "macro_f1_hard_ambiguous": 0.0,
    "n_hard_ambiguous": 1,
    "macro_f1_hard_any_hard": 0.8996779301156866,
    "n_hard_any_hard": 1211,
    "routing": {
      "mean_weights": [
        0.7837905883789062,
        0.11755353957414627,
        0.09865584969520569
      ],
      "std_weights": [
        0.025062957778573036,
        0.01932707615196705,
        0.006734699476510286
      ],
      "mean_entropy": 0.6689252853393555,
      "max_entropy": 1.0986123085021973,
      "entropy_ratio": 0.6088820099830627
    },
    "expert_diversity": {
      "mean_cosine_sim_all": -0.20533627271652222,
      "pairwise_sims": {
        "Base-Conflict": -0.19787979125976562,
        "Base-Context": -0.20288044214248657,
        "Conflict-Context": -0.21524862945079803
      },
      "mean_cosine_sim_hard": -0.2101162075996399,
      "mean_cosine_sim_easy": -0.20238298177719116
    }
  },
  "no_router": {
    "config_name": "no_router",
    "desc": "均匀路由消融（α = [1/3, 1/3, 1/3]，验证 Router 的必要性）",
    "macro_f1": 0.8938347488496509,
    "accuracy": 0.8940397350993378,
    "per_class_f1": {
      "positive": 0.8855480116391853,
      "neutral": 0.8984681154257214,
      "negative": 0.8974881194840462
    },
    "confusion_matrix": [
      [
        913,
        99,
        21
      ],
      [
        86,
        1261,
        59
      ],
      [
        30,
        41,
        661
      ]
    ],
    "macro_f1_sentence_semantic": 0.8813112469954305,
    "n_sentence_semantic": 726,
    "macro_f1_target_semantic": 0.8956773867141705,
    "n_target_semantic": 2445,
    "macro_f1_hard_multi_entity": 0.899017007003903,
    "n_hard_multi_entity": 1208,
    "macro_f1_hard_conflict": 0.0,
    "n_hard_conflict": 2,
    "macro_f1_hard_ambiguous": 0.0,
    "n_hard_ambiguous": 1,
    "macro_f1_hard_any_hard": 0.8968808848449609,
    "n_hard_any_hard": 1211,
    "routing": {
      "mean_weights": [
        0.3333333432674408,
        0.3333333432674408,
        0.3333333432674408
      ],
      "std_weights": [
        0.0,
        0.0,
        0.0
      ],
      "mean_entropy": 1.0986119508743286,
      "max_entropy": 1.0986123085021973,
      "entropy_ratio": 0.9999997019767761
    },
    "expert_diversity": {
      "mean_cosine_sim_all": -0.20533627271652222,
      "pairwise_sims": {
        "Base-Conflict": -0.19787979125976562,
        "Base-Context": -0.20288044214248657,
        "Conflict-Context": -0.21524862945079803
      },
      "mean_cosine_sim_hard": -0.2101162075996399,
      "mean_cosine_sim_easy": -0.20238298177719116
    }
  },
  "no_conflict_expert": {
    "config_name": "no_conflict_expert",
    "desc": "关闭 Conflict Expert（验证冲突专家对 multi_entity/conflict 样本的价值）",
    "macro_f1": 0.8971723137022988,
    "accuracy": 0.8971933144118575,
    "per_class_f1": {
      "positive": 0.8866377231066088,
      "neutral": 0.9020452099031216,
      "negative": 0.902834008097166
    },
    "confusion_matrix": [
      [
        919,
        92,
        22
      ],
      [
        90,
        1257,
        59
      ],
      [
        31,
        32,
        669
      ]
    ],
    "macro_f1_sentence_semantic": 0.8855092522421336,
    "n_sentence_semantic": 726,
    "macro_f1_target_semantic": 0.8987256008290371,
    "n_target_semantic": 2445,
    "macro_f1_hard_multi_entity": 0.9020485067448459,
    "n_hard_multi_entity": 1208,
    "macro_f1_hard_conflict": 0.0,
    "n_hard_conflict": 2,
    "macro_f1_hard_ambiguous": 0.0,
    "n_hard_ambiguous": 1,
    "macro_f1_hard_any_hard": 0.8999071385402261,
    "n_hard_any_hard": 1211,
    "routing": {
      "mean_weights": [
        0.8880102634429932,
        0.0,
        0.11198972165584564
      ],
      "std_weights": [
        0.009894495829939842,
        0.0,
        0.009894494898617268
      ],
      "mean_entropy": 0.35017329454421997,
      "max_entropy": 1.0986123085021973,
      "entropy_ratio": 0.31874147057533264
    },
    "expert_diversity": {
      "mean_cosine_sim_all": -0.20533627271652222,
      "pairwise_sims": {
        "Base-Conflict": -0.19787979125976562,
        "Base-Context": -0.20288044214248657,
        "Conflict-Context": -0.21524862945079803
      },
      "mean_cosine_sim_hard": -0.2101162075996399,
      "mean_cosine_sim_easy": -0.20238298177719116
    }
  },
  "no_context_expert": {
    "config_name": "no_context_expert",
    "desc": "关闭 Context Expert（验证上下文专家对 ambiguous 样本的价值）",
    "macro_f1": 0.8970799637702888,
    "accuracy": 0.8971933144118575,
    "per_class_f1": {
      "positive": 0.8872762457668119,
      "neutral": 0.902002861230329,
      "negative": 0.9019607843137255
    },
    "confusion_matrix": [
      [
        917,
        94,
        22
      ],
      [
        87,
        1261,
        58
      ],
      [
        30,
        35,
        667
      ]
    ],
    "macro_f1_sentence_semantic": 0.8861666835178909,
    "n_sentence_semantic": 726,
    "macro_f1_target_semantic": 0.8986075468111396,
    "n_target_semantic": 2445,
    "macro_f1_hard_multi_entity": 0.9025351725358162,
    "n_hard_multi_entity": 1208,
    "macro_f1_hard_conflict": 0.0,
    "n_hard_conflict": 2,
    "macro_f1_hard_ambiguous": 0.0,
    "n_hard_ambiguous": 1,
    "macro_f1_hard_any_hard": 0.9003915248451468,
    "n_hard_any_hard": 1211,
    "routing": {
      "mean_weights": [
        0.8694428205490112,
        0.13055723905563354,
        0.0
      ],
      "std_weights": [
        0.022358255460858345,
        0.022358255460858345,
        0.0
      ],
      "mean_entropy": 0.3852936625480652,
      "max_entropy": 1.0986123085021973,
      "entropy_ratio": 0.3507094085216522
    },
    "expert_diversity": {
      "mean_cosine_sim_all": -0.20533627271652222,
      "pairwise_sims": {
        "Base-Conflict": -0.19787979125976562,
        "Base-Context": -0.20288044214248657,
        "Conflict-Context": -0.21524862945079803
      },
      "mean_cosine_sim_hard": -0.2101162075996399,
      "mean_cosine_sim_easy": -0.20238298177719116
    }
  },
  "base_expert_only": {
    "config_name": "base_expert_only",
    "desc": "只用 Base Expert（关闭 Conflict + Context，等价于单专家 baseline）",
    "macro_f1": 0.8971120220397099,
    "accuracy": 0.8971933144118575,
    "per_class_f1": {
      "positive": 0.887065637065637,
      "neutral": 0.9020452099031216,
      "negative": 0.9022252191503709
    },
    "confusion_matrix": [
      [
        919,
        92,
        22
      ],
      [
        89,
        1257,
        60
      ],
      [
        31,
        32,
        669
      ]
    ],
    "macro_f1_sentence_semantic": 0.8874911728586654,
    "n_sentence_semantic": 726,
    "macro_f1_target_semantic": 0.898246421998877,
    "n_target_semantic": 2445,
    "macro_f1_hard_multi_entity": 0.9011745497567509,
    "n_hard_multi_entity": 1208,
    "macro_f1_hard_conflict": 0.0,
    "n_hard_conflict": 2,
    "macro_f1_hard_ambiguous": 0.0,
    "n_hard_ambiguous": 1,
    "macro_f1_hard_any_hard": 0.8990352386980517,
    "n_hard_any_hard": 1211,
    "routing": {
      "mean_weights": [
        1.0,
        0.0,
        0.0
      ],
      "std_weights": [
        0.0,
        0.0,
        0.0
      ],